t,x0,x1
0.01,0,0.00333333
0.02,3.33333e-05,0.00666667
0.03,0.0001,0.00998889
0.04,0.000199889,0.0132889
0.05,0.000332778,0.0165556
0.06,0.000498334,0.019778
0.07,0.000696114,0.0229452
0.08,0.000925566,0.0260465
0.09,0.00118603,0.0290713
0.1,0.00147674,0.0320093
0.11,0.00179684,0.0348504
0.12,0.00214534,0.0375848
0.13,0.00252119,0.040203
0.14,0.00292322,0.0426959
0.15,0.00335018,0.0450549
0.16,0.00380073,0.0472715
0.17,0.00427344,0.0493379
0.18,0.00476682,0.0512468
0.19,0.00527929,0.0529912
0.2,0.0058092,0.0545647
0.21,0.00635485,0.0559617
0.22,0.00691446,0.0571767
0.23,0.00748623,0.0582052
0.24,0.00806828,0.0590431
0.25,0.00865872,0.059687
0.26,0.00925559,0.0601341
0.27,0.00985693,0.0603823
0.28,0.0104607,0.06043
0.29,0.011065,0.0602764
0.3,0.0116678,0.0599214
0.31,0.012267,0.0593654
0.32,0.0128607,0.0586098
0.33,0.0134468,0.0576562
0.34,0.0140233,0.0565073
0.35,0.0145884,0.0551662
0.36,0.0151401,0.0536367
0.37,0.0156764,0.0519233
0.38,0.0161957,0.0500312
0.39,0.016696,0.047966
0.4,0.0171756,0.045734
0.41,0.017633,0.0433421
0.42,0.0180664,0.0407977
0.43,0.0184744,0.0381089
0.44,0.0188555,0.0352841
0.45,0.0192083,0.0323323
0.46,0.0195316,0.0292629
0.47,0.0198243,0.0260857
0.48,0.0200851,0.0228109
0.49,0.0203132,0.0194492
0.5,0.0205077,0.0160115
0.51,0.0206678,0.0125089
0.52,0.0207929,0.00895294
0.53,0.0208825,0.0053553
0.54,0.020936,0.00172781
0.55,0.0209533,-0.00191752
0.56,0.0209341,-0.00556862
0.57,0.0208784,-0.00921332
0.58,0.0207863,-0.0128395
0.59,0.0206579,-0.0164349
0.6,0.0204936,-0.0199875
0.61,0.0202937,-0.0234854
0.62,0.0200588,-0.0269166
0.63,0.0197897,-0.0302695
0.64,0.019487,-0.0335328
0.65,0.0191516,-0.0366951
0.66,0.0187847,-0.0397456
0.67,0.0183872,-0.0426739
0.68,0.0179605,-0.0454696
0.69,0.0175058,-0.0481231
0.7,0.0170246,-0.050625
0.71,0.0165183,-0.0529665
0.72,0.0159886,-0.0551393
0.73,0.0154373,-0.0571355
0.74,0.0148659,-0.0589479
0.75,0.0142764,-0.0605699
0.76,0.0136707,-0.0619954
0.77,0.0130508,-0.063219
0.78,0.0124186,-0.0642359
0.79,0.0117762,-0.0650421
0.8,0.0111258,-0.0656341
0.81,0.0104695,-0.0660094
0.82,0.00980936,-0.0661659
0.83,0.0091477,-0.0661023
0.84,0.00848668,-0.0658182
0.85,0.00782849,-0.0653138
0.86,0.00717536,-0.06459
0.87,0.00652946,-0.0636484
0.88,0.00589297,-0.0624916
0.89,0.00526806,-0.0611226
0.9,0.00465683,-0.0595452
0.91,0.00406138,-0.0577642
0.92,0.00348374,-0.0557847
0.93,0.00292589,-0.0536126
0.94,0.00238976,-0.0512545
0.95,0.00187722,-0.0487178
0.96,0.00139004,-0.0460102
0.97,0.000929939,-0.0431402
0.98,0.000498537,-0.0401168
0.99,9.73689e-05,-0.0369497
1,-0.000272128,-0.0336488
1.01,-0.000608616,-0.0302248
1.02,-0.000910864,-0.0266886
1.03,-0.00117775,-0.0230516
1.04,-0.00140827,-0.0193257
1.05,-0.00160152,-0.0155229
1.06,-0.00175675,-0.0116558
1.07,-0.00187331,-0.00773685
1.08,-0.00195068,-0.00377908
1.09,-0.00198847,0.000204479
1.1,-0.00198642,0.00420064
1.11,-0.00194442,0.00819611
1.12,-0.00186246,0.0121776
1.13,-0.00174068,0.0161317
1.14,-0.00157936,0.0200453
1.15,-0.00137891,0.0239051
1.16,-0.00113986,0.0276981
1.17,-0.000862879,0.0314113
1.18,-0.000548766,0.0350323
1.19,-0.000198443,0.0385486
1.2,0.000187042,0.041948
1.21,0.000606523,0.045219
1.22,0.00105871,0.0483502
1.23,0.00154221,0.0513306
1.24,0.00205552,0.0541499
1.25,0.00259702,0.056798
1.26,0.003165,0.0592657
1.27,0.00375766,0.061544
1.28,0.0043731,0.0636248
1.29,0.00500935,0.0655004
1.3,0.00566435,0.067164
1.31,0.00633599,0.0686092
1.32,0.00702208,0.0698305
1.33,0.00772039,0.0708232
1.34,0.00842862,0.0715831
1.35,0.00914445,0.0721068
1.36,0.00986552,0.072392
1.37,0.0105894,0.0724369
1.38,0.0113138,0.0722404
1.39,0.0120362,0.0718024
1.4,0.0127542,0.0711237
1.41,0.0134655,0.0702056
1.42,0.0141675,0.0690505
1.43,0.014858,0.0676613
1.44,0.0155346,0.066042
1.45,0.0161951,0.0641971
1.46,0.016837,0.062132
1.47,0.0174584,0.059853
1.48,0.0180569,0.0573669
1.49,0.0186306,0.0546813
1.5,0.0191774,0.0518044
1.51,0.0196954,0.0487453
1.52,0.0201829,0.0455135
1.53,0.020638,0.0421192
1.54,0.0210592,0.0385732
1.55,0.0214449,0.0348868
1.56,0.0217938,0.0310718
1.57,0.0221045,0.0271406
1.58,0.0223759,0.0231057
1.59,0.022607,0.0189804
1.6,0.0227968,0.0147781
1.61,0.0229446,0.0105125
1.62,0.0230497,0.00619766
1.63,0.0231117,0.00184777
1.64,0.0231301,-0.00252279
1.65,0.0231049,-0.0068995
1.66,0.0230359,-0.0112678
1.67,0.0229232,-0.0156131
1.68,0.0227671,-0.0199209
1.69,0.0225679,-0.0241766
1.7,0.0223261,-0.0283659
1.71,0.0220425,-0.0324746
1.72,0.0217177,-0.0364887
1.73,0.0213528,-0.0403946
1.74,0.0209489,-0.0441789
1.75,0.0205071,-0.0478286
1.76,0.0200288,-0.0513309
1.77,0.0195155,-0.0546739
1.78,0.0189688,-0.0578457
1.79,0.0183903,-0.0608353
1.8,0.017782,-0.0636321
1.81,0.0171456,-0.0662261
1.82,0.0164834,-0.0686079
1.83,0.0157973,-0.0707691
1.84,0.0150896,-0.0727015
1.85,0.0143626,-0.074398
1.86,0.0136186,-0.0758522
1.87,0.0128601,-0.0770584
1.88,0.0120895,-0.0780118
1.89,0.0113094,-0.0787083
1.9,0.0105223,-0.0791448
1.91,0.00973086,-0.0793189
1.92,0.00893767,-0.0792292
1.93,0.00814538,-0.0788751
1.94,0.00735663,-0.0782568
1.95,0.00657406,-0.0773757
1.96,0.00580031,-0.0762337
1.97,0.00503797,-0.0748338
1.98,0.00428963,-0.0731798
1.99,0.00355783,-0.0712764
2,0.00284507,-0.069129
2.01,0.00215378,-0.066744
2.02,0.00148634,-0.0641286
2.03,0.000845051,-0.0612907
2.04,0.000232144,-0.0582391
2.05,-0.000350247,-0.0549831
2.06,-0.000900078,-0.051533
2.07,-0.00141541,-0.0478997
2.08,-0.00189441,-0.0440945
2.09,-0.00233535,-0.0401297
2.1,-0.00273665,-0.036018
2.11,-0.00309683,-0.0317724
2.12,-0.00341455,-0.0274068
2.13,-0.00368862,-0.0229353
2.14,-0.00391797,-0.0183724
2.15,-0.0041017,-0.0137331
2.16,-0.00423903,-0.00903252
2.17,-0.00432935,-0.00428617
2.18,-0.00437221,0.000490277
2.19,-0.00436731,0.00528102
2.2,-0.0043145,0.0100701
2.21,-0.0042138,0.0148416
2.22,-0.00406538,0.0195796
2.23,-0.00386959,0.024268
2.24,-0.00362691,0.0288912
2.25,-0.003338,0.0334335
2.26,-0.00300366,0.0378795
2.27,-0.00262487,0.0422141
2.28,-0.00220273,0.0464224
2.29,-0.0017385,0.0504899
2.3,-0.0012336,0.0544028
2.31,-0.000689575,0.0581473
2.32,-0.000108102,0.0617105
2.33,0.000509003,0.0650799
2.34,0.0011598,0.0682435
2.35,0.00184224,0.0711903
2.36,0.00255414,0.0739095
2.37,0.00329323,0.0763915
2.38,0.00405715,0.078627
2.39,0.00484342,0.080608
2.4,0.0056495,0.0823269
2.41,0.00647277,0.083777
2.42,0.00731054,0.0849528
2.43,0.00816007,0.0858493
2.44,0.00901856,0.0864626
2.45,0.00988318,0.0867897
2.46,0.0107511,0.0868287
2.47,0.0116194,0.0865783
2.48,0.0124852,0.0860385
2.49,0.0133455,0.0852101
2.5,0.0141976,0.0840949
2.51,0.0150386,0.0826957
2.52,0.0158655,0.0810162
2.53,0.0166757,0.079061
2.54,0.0174663,0.0768358
2.55,0.0182347,0.074347
2.56,0.0189781,0.0716021
2.57,0.0196942,0.0686094
2.58,0.0203803,0.065378
2.59,0.021034,0.0619179
2.6,0.0216532,0.0582399
2.61,0.0222356,0.0543555
2.62,0.0227792,0.050277
2.63,0.0232819,0.0460172
2.64,0.0237421,0.0415899
2.65,0.024158,0.0370092
2.66,0.0245281,0.0322899
2.67,0.024851,0.0274472
2.68,0.0251255,0.0224969
2.69,0.0253504,0.017455
2.7,0.025525,0.0123382
2.71,0.0256484,0.00716321
2.72,0.02572,0.00194708
2.73,0.0257395,-0.00329292
2.74,0.0257066,-0.00853941
2.75,0.0256212,-0.0137749
2.76,0.0254834,-0.018982
2.77,0.0252936,-0.0241431
2.78,0.0250522,-0.029241
2.79,0.0247597,-0.0342584
2.8,0.0244172,-0.0391783
2.81,0.0240254,-0.043984
2.82,0.0235855,-0.0486591
2.83,0.023099,-0.0531876
2.84,0.0225671,-0.057554
2.85,0.0219915,-0.061743
2.86,0.0213741,-0.0657402
2.87,0.0207167,-0.0695315
2.88,0.0200214,-0.0731038
2.89,0.0192903,-0.0764442
2.9,0.0185259,-0.079541
2.91,0.0177305,-0.082383
2.92,0.0169067,-0.0849598
2.93,0.0160571,-0.087262
2.94,0.0151844,-0.0892811
2.95,0.0142916,-0.0910092
2.96,0.0133815,-0.0924398
2.97,0.0124571,-0.0935669
2.98,0.0115215,-0.094386
2.99,0.0105776,-0.0948931
3,0.00962869,-0.0950857
3.01,0.00867783,-0.0949619
3.02,0.00772821,-0.0945212
3.03,0.006783,-0.0937639
3.04,0.00584536,-0.0926916
3.05,0.00491844,-0.0913067
3.06,0.00400538,-0.0896129
3.07,0.00310925,-0.0876147
3.08,0.0022331,-0.0853177
3.09,0.00137992,-0.0827288
3.1,0.000552637,-0.0798554
3.11,-0.000245917,-0.0767063
3.12,-0.00101298,-0.073291
3.13,-0.00174589,-0.06962
3.14,-0.00244209,-0.0657047
3.15,-0.00309914,-0.0615573
3.16,-0.00371471,-0.057191
3.17,-0.00428662,-0.0526194
3.18,-0.00481281,-0.0478572
3.19,-0.00529139,-0.0429196
3.2,-0.00572058,-0.0378224
3.21,-0.00609881,-0.0325823
3.22,-0.00642463,-0.027216
3.23,-0.00669679,-0.0217411
3.24,-0.0069142,-0.0161755
3.25,-0.00707595,-0.0105374
3.26,-0.00718133,-0.00484546
3.27,-0.00722978,0.000881648
3.28,-0.00722097,0.00662491
3.29,-0.00715472,0.0123652
3.3,-0.00703107,0.0180835
3.31,-0.00685023,0.0237605
3.32,-0.00661263,0.0293772
3.33,-0.00631885,0.0349148
3.34,-0.00596971,0.0403544
3.35,-0.00556616,0.0456776
3.36,-0.00510939,0.0508664
3.37,-0.00460072,0.0559028
3.38,-0.00404169,0.0607697
3.39,-0.003434,0.0654503
3.4,-0.00277949,0.0699283
3.41,-0.00208021,0.0741881
3.42,-0.00133833,0.0782149
3.43,-0.000556181,0.0819943
3.44,0.000263762,0.085513
3.45,0.00111889,0.0887584
3.46,0.00200648,0.0917188
3.47,0.00292366,0.0943833
3.48,0.0038675,0.0967421
3.49,0.00483492,0.0987863
3.5,0.00582278,0.100508
3.51,0.00682786,0.1019
3.52,0.00784686,0.102958
3.53,0.00887644,0.103675
3.54,0.0099132,0.10405
3.55,0.0109537,0.104079
3.56,0.0119945,0.103761
3.57,0.0130321,0.103096
3.58,0.0140631,0.102085
3.59,0.0150839,0.100731
3.6,0.0160912,0.0990365
3.61,0.0170816,0.0970061
3.62,0.0180516,0.0946456
3.63,0.0189981,0.0919617
3.64,0.0199177,0.0889623
3.65,0.0208073,0.0856564
3.66,0.0216639,0.0820539
3.67,0.0224844,0.078166
3.68,0.0232661,0.0740045
3.69,0.0240062,0.0695825
3.7,0.024702,0.0649137
3.71,0.0253511,0.0600131
3.72,0.0259512,0.054896
3.73,0.0265002,0.049579
3.74,0.026996,0.0440789
3.75,0.0274368,0.0384136
3.76,0.0278209,0.0326013
3.77,0.0281469,0.026661
3.78,0.0284135,0.020612
3.79,0.0286197,0.0144742
3.8,0.0287644,0.00826762
3.81,0.0288471,0.00201282
3.82,0.0288672,-0.00426954
3.83,0.0288245,-0.0105586
3.84,0.0287189,-0.0168335
3.85,0.0285506,-0.0230731
3.86,0.0283199,-0.0292566
3.87,0.0280273,-0.0353632
3.88,0.0276737,-0.0413723
3.89,0.0272599,-0.0472636
3.9,0.0267873,-0.0530169
3.91,0.0262571,-0.0586126
3.92,0.025671,-0.0640317
3.93,0.0250307,-0.0692554
3.94,0.0243381,-0.0742656
3.95,0.0235955,-0.079045
3.96,0.022805,-0.0835768
3.97,0.0219693,-0.0878451
3.98,0.0210908,-0.0918349
3.99,0.0201725,-0.0955318
4,0.0192171,-0.0989227
4.01,0.0182279,-0.101995
4.02,0.017208,-0.104738
4.03,0.0161606,-0.10714
4.04,0.0150892,-0.109194
4.05,0.0139973,-0.11089
4.06,0.0128883,-0.112223
4.07,0.0117661,-0.113185
4.08,0.0106343,-0.113774
4.09,0.00949652,-0.113986
4.1,0.00835667,-0.113818
4.11,0.00721849,-0.11327
4.12,0.00608579,-0.112343
4.13,0.00496236,-0.111038
4.14,0.00385198,-0.109359
4.15,0.00275839,-0.10731
4.16,0.0016853,-0.104896
4.17,0.000636341,-0.102124
4.18,-0.0003849,-0.0990029
4.19,-0.00137493,-0.0955412
4.2,-0.00233034,-0.0917496
4.21,-0.00324784,-0.0876395
4.22,-0.00412423,-0.0832235
4.23,-0.00495647,-0.0785155
4.24,-0.00574162,-0.07353
4.25,-0.00647692,-0.0682828
4.26,-0.00715975,-0.0627905
4.27,-0.00778765,-0.0570705
4.28,-0.00835836,-0.0511413
4.29,-0.00886977,-0.0450219
4.3,-0.00931999,-0.0387319
4.31,-0.00970731,-0.032292
4.32,-0.0100302,-0.0257228
4.33,-0.0102875,-0.0190461
4.34,-0.0104779,-0.0122836
4.35,-0.0106008,-0.00545764
4.36,-0.0106553,0.00140927
4.37,-0.0106412,0.00829438
4.38,-0.0105583,0.0151748
4.39,-0.0104065,0.0220276
4.4,-0.0101863,0.0288297
4.41,-0.00989797,0.0355585
4.42,-0.00954239,0.0421912
4.43,-0.00912048,0.0487053
4.44,-0.00863343,0.0550788
4.45,-0.00808264,0.0612899
4.46,-0.00746974,0.0673175
4.47,-0.00679656,0.0731407
4.48,-0.00606516,0.0787396
4.49,-0.00527776,0.0840946
4.5,-0.00443681,0.0891872
4.51,-0.00354494,0.0939995
4.52,-0.00260495,0.0985145
4.53,-0.0016198,0.102716
4.54,-0.000592642,0.106589
4.55,0.000473252,0.11012
4.56,0.00157445,0.113296
4.57,0.00270741,0.116104
4.58,0.00386846,0.118535
4.59,0.00505381,0.120579
4.6,0.0062596,0.122228
4.61,0.00748188,0.123475
4.62,0.00871662,0.124314
4.63,0.00995976,0.124742
4.64,0.0112072,0.124755
4.65,0.0124547,0.124353
4.66,0.0136983,0.123535
4.67,0.0149336,0.122302
4.68,0.0161566,0.120657
4.69,0.0173632,0.118605
4.7,0.0185492,0.116151
4.71,0.0197108,0.113301
4.72,0.0208438,0.110064
4.73,0.0219444,0.106449
4.74,0.0230089,0.102468
4.75,0.0240336,0.0981316
4.76,0.0250149,0.0934538
4.77,0.0259494,0.0884488
4.78,0.0268339,0.0831323
4.79,0.0276652,0.077521
4.8,0.0284405,0.0716326
4.81,0.0291568,0.0654858
4.82,0.0298116,0.0591002
4.83,0.0304026,0.0524963
4.84,0.0309276,0.0456954
4.85,0.0313846,0.0387196
4.86,0.0317717,0.0315914
4.87,0.0320877,0.0243341
4.88,0.032331,0.0169716
4.89,0.0325007,0.00952792
4.9,0.032596,0.00202768
4.91,0.0326163,-0.00550432
4.92,0.0325612,-0.0130431
4.93,0.0324308,-0.0205635
4.94,0.0322252,-0.0280404
4.95,0.0319448,-0.0354488
4.96,0.0315903,-0.0427637
4.97,0.0311626,-0.0499605
4.98,0.030663,-0.0570147
4.99,0.0300929,-0.0639024
5,0.0294539,-0.0706
5.01,0.0287479,-0.0770846
5.02,0.027977,-0.0833339
5.03,0.0271437,-0.0893263
5.04,0.0262504,-0.0950408
5.05,0.0253,-0.100458
5.06,0.0242954,-0.105558
5.07,0.0232399,-0.110323
5.08,0.0221366,-0.114736
5.09,0.0209893,-0.118782
5.1,0.0198014,-0.122445
5.11,0.018577,-0.125712
5.12,0.0173199,-0.128571
5.13,0.0160342,-0.131011
5.14,0.0147241,-0.133022
5.15,0.0133938,-0.134597
5.16,0.0120479,-0.135728
5.17,0.0106906,-0.136411
5.18,0.00932649,-0.136641
5.19,0.00796008,-0.136416
5.2,0.00659591,-0.135737
5.21,0.00523855,-0.134602
5.22,0.00389253,-0.133015
5.23,0.00256238,-0.130979
5.24,0.00125259,-0.1285
5.25,-3.24018e-05,-0.125584
5.26,-0.00128824,-0.12224
5.27,-0.00251064,-0.118477
5.28,-0.00369541,-0.114307
5.29,-0.00483847,-0.109742
5.3,-0.00593589,-0.104795
5.31,-0.00698384,-0.0994835
5.32,-0.00797868,-0.0938222
5.33,-0.0089169,-0.0878293
5.34,-0.00979519,-0.0815237
5.35,-0.0106104,-0.0749253
5.36,-0.0113597,-0.0680551
5.37,-0.0120402,-0.0609352
5.38,-0.0126496,-0.0535885
5.39,-0.0131855,-0.0460386
5.4,-0.0136459,-0.0383101
5.41,-0.014029,-0.0304282
5.42,-0.0143332,-0.0224185
5.43,-0.0145574,-0.0143074
5.44,-0.0147005,-0.00612164
5.45,-0.0147617,0.00211186
5.46,-0.0147406,0.0103658
5.47,-0.0146369,0.0186126
5.48,-0.0144508,0.0268249
5.49,-0.0141826,0.0349752
5.5,-0.0138328,0.0430361
5.51,-0.0134025,0.0509803
5.52,-0.0128926,0.0587812
5.53,-0.0123048,0.066412
5.54,-0.0116407,0.073847
5.55,-0.0109022,0.0810606
5.56,-0.0100916,0.088028
5.57,-0.00921136,0.0947252
5.58,-0.00826411,0.101129
5.59,-0.00725282,0.107217
5.6,-0.00618065,0.112968
5.61,-0.00505097,0.118362
5.62,-0.00386735,0.123378
5.63,-0.00263357,0.128001
5.64,-0.00135356,0.132212
5.65,-3.14391e-05,0.135997
5.66,0.00132853,0.13934
5.67,0.00272193,0.142231
5.68,0.00414424,0.144657
5.69,0.00559081,0.146609
5.7,0.0070569,0.148079
5.71,0.00853769,0.14906
5.72,0.0100283,0.149547
5.73,0.0115238,0.149538
5.74,0.0130191,0.14903
5.75,0.0145094,0.148023
5.76,0.0159897,0.14652
5.77,0.0174549,0.144524
5.78,0.0189001,0.142039
5.79,0.0203205,0.139072
5.8,0.0217112,0.135632
5.81,0.0230675,0.131728
5.82,0.0243848,0.127372
5.83,0.0256585,0.122577
5.84,0.0268843,0.117358
5.85,0.0280579,0.11173
5.86,0.0291752,0.10571
5.87,0.0302323,0.0993187
5.88,0.0312255,0.0925746
5.89,0.0321512,0.0854995
5.9,0.0330062,0.0781157
5.91,0.0337874,0.070447
5.92,0.0344918,0.0625179
5.93,0.035117,0.0543539
5.94,0.0356606,0.0459816
5.95,0.0361204,0.0374281
5.96,0.0364947,0.0287213
5.97,0.0367819,0.0198897
5.98,0.0369808,0.0109624
5.99,0.0370904,0.00196883
6,0.0371101,-0.0070613
6.01,0.0370395,-0.016098
6.02,0.0368785,-0.0251111
6.03,0.0366274,-0.0340706
6.04,0.0362867,-0.0429464
6.05,0.0358572,-0.0517087
6.06,0.0353401,-0.0603277
6.07,0.0347368,-0.0687744
6.08,0.0340491,-0.07702
6.09,0.0332789,-0.0850364
6.1,0.0324285,-0.092796
6.11,0.0315006,-0.100272
6.12,0.0304978,-0.107439
6.13,0.0294235,-0.114272
6.14,0.0282807,-0.120746
6.15,0.0270733,-0.12684
6.16,0.0258049,-0.132531
6.17,0.0244796,-0.137799
6.18,0.0231016,-0.142626
6.19,0.0216753,-0.146993
6.2,0.0202054,-0.150885
6.21,0.0186965,-0.154286
6.22,0.0171537,-0.157185
6.23,0.0155818,-0.15957
6.24,0.0139861,-0.16143
6.25,0.0123718,-0.162759
6.26,0.0107442,-0.16355
6.27,0.00910874,-0.163798
6.28,0.00747076,-0.163501
6.29,0.00583575,-0.162658
6.3,0.00420918,-0.16127
6.31,0.00259648,-0.159339
6.32,0.00100309,-0.156871
6.33,-0.000565626,-0.153873
6.34,-0.00210435,-0.150351
6.35,-0.00360786,-0.146316
6.36,-0.00507102,-0.14178
6.37,-0.00648882,-0.136756
6.38,-0.00785638,-0.13126
6.39,-0.00916898,-0.125308
6.4,-0.0104221,-0.118918
6.41,-0.0116112,-0.112111
6.42,-0.0127323,-0.104907
6.43,-0.0137814,-0.0973296
6.44,-0.0147547,-0.0894025
6.45,-0.0156487,-0.0811509
6.46,-0.0164602,-0.0726013
6.47,-0.0171863,-0.0637813
6.48,-0.0178241,-0.0547192
6.49,-0.0183713,-0.0454445
6.5,-0.0188257,-0.0359874
6.51,-0.0191856,-0.0263788
6.52,-0.0194494,-0.0166503
6.53,-0.0196159,-0.00683384
6.54,-0.0196842,0.00303812
6.55,-0.0196538,0.0129329
6.56,-0.0195245,0.0228175
6.57,-0.0192963,0.032659
6.58,-0.0189697,0.0424244
6.59,-0.0185455,0.052081
6.6,-0.0180247,0.0615962
6.61,-0.0174087,0.0709377
6.62,-0.0166993,0.080074
6.63,-0.0158986,0.0889737
6.64,-0.0150089,0.0976066
6.65,-0.0140328,0.105943
6.66,-0.0129734,0.113954
6.67,-0.0118338,0.121612
6.68,-0.0106177,0.12889
6.69,-0.00932882,0.135762
6.7,-0.0079712,0.142205
6.71,-0.00654915,0.148195
6.72,-0.0050672,0.153712
6.73,-0.00353008,0.158734
6.74,-0.00194273,0.163244
6.75,-0.000310292,0.167225
6.76,0.00136196,0.170662
6.77,0.00306858,0.173541
6.78,0.00480399,0.175852
6.79,0.00656251,0.177584
6.8,0.00833835,0.17873
6.81,0.0101256,0.179284
6.82,0.0119185,0.179242
6.83,0.0137109,0.178602
6.84,0.0154969,0.177365
6.85,0.0172706,0.175533
6.86,0.0190259,0.173109
6.87,0.020757,0.170101
6.88,0.022458,0.166515
6.89,0.0241231,0.162362
6.9,0.0257468,0.157655
6.91,0.0273233,0.152406
6.92,0.0288474,0.146631
6.93,0.0303137,0.140349
6.94,0.0317172,0.133578
6.95,0.033053,0.126339
6.96,0.0343163,0.118654
6.97,0.0355029,0.110549
6.98,0.0366084,0.102048
6.99,0.0376288,0.0931784
7,0.0385606,0.0839687
7.01,0.0394003,0.0744485
7.02,0.0401448,0.0646484
7.03,0.0407913,0.0546002
7.04,0.0413373,0.0443364
7.05,0.0417807,0.0338906
7.06,0.0421196,0.0232971
7.07,0.0423525,0.0125906
7.08,0.0424784,0.00180639
7.09,0.0424965,-0.00901976
7.1,0.0424063,-0.0198519
7.11,0.0422078,-0.030654
7.12,0.0419012,-0.04139
7.13,0.0414873,-0.0520237
7.14,0.0409671,-0.0625195
7.15,0.0403419,-0.0728419
7.16,0.0396135,-0.0829558
7.17,0.0387839,-0.092827
7.18,0.0378557,-0.102422
7.19,0.0368314,-0.111707
7.2,0.0357144,-0.120651
7.21,0.0345079,-0.129222
7.22,0.0332157,-0.137391
7.23,0.0318417,-0.14513
7.24,0.0303904,-0.152411
7.25,0.0288663,-0.159207
7.26,0.0272743,-0.165496
7.27,0.0256193,-0.171254
7.28,0.0239068,-0.176461
7.29,0.0221421,-0.181096
7.3,0.0203312,-0.185144
7.31,0.0184798,-0.188587
7.32,0.0165939,-0.191414
7.33,0.0146797,-0.193612
7.34,0.0127436,-0.195172
7.35,0.0107919,-0.196086
7.36,0.00883104,-0.19635
7.37,0.00686753,-0.195961
7.38,0.00490793,-0.194917
7.39,0.00295876,-0.193219
7.4,0.00102657,-0.190872
7.41,-0.00088215,-0.187881
7.42,-0.00276096,-0.184254
7.43,-0.0046035,-0.18
7.44,-0.00640349,-0.175132
7.45,-0.00815481,-0.169664
7.46,-0.00985146,-0.163613
7.47,-0.0114876,-0.156995
7.48,-0.0130575,-0.149833
7.49,-0.0145559,-0.142147
7.5,-0.0159773,-0.133962
7.51,-0.017317,-0.125303
7.52,-0.01857,-0.116197
7.53,-0.019732,-0.106674
7.54,-0.0207987,-0.0967631
7.55,-0.0217663,-0.0864968
7.56,-0.0226313,-0.0759081
7.57,-0.0233904,-0.065031
7.58,-0.0240407,-0.0539008
7.59,-0.0245797,-0.0425539
7.6,-0.0250052,-0.0310274
7.61,-0.0253155,-0.019359
7.62,-0.0255091,-0.00758714
7.63,-0.025585,0.00424922
7.64,-0.0255425,0.0161109
7.65,-0.0253814,0.0279584
7.66,-0.0251018,0.0397522
7.67,-0.0247043,0.0514527
7.68,-0.0241897,0.0630208
7.69,-0.0235595,0.0744174
7.7,-0.0228153,0.0856039
7.71,-0.0219593,0.0965424
7.72,-0.0209939,0.107195
7.73,-0.0199219,0.117527
7.74,-0.0187467,0.127501
7.75,-0.0174717,0.137083
7.76,-0.0161008,0.14624
7.77,-0.0146384,0.15494
7.78,-0.013089,0.163153
7.79,-0.0114575,0.17085
7.8,-0.00974899,0.178002
7.81,-0.00796897,0.184585
7.82,-0.00612312,0.190575
7.83,-0.00421737,0.195949
7.84,-0.00225788,0.200688
7.85,-0.000250997,0.204774
7.86,0.00179674,0.208191
7.87,0.00387866,0.210926
7.88,0.00598791,0.212966
7.89,0.00811757,0.214303
7.9,0.0102606,0.214931
7.91,0.0124099,0.214844
7.92,0.0145584,0.214041
7.93,0.0166988,0.212521
7.94,0.018824,0.210288
7.95,0.0209269,0.207347
7.96,0.0230003,0.203705
7.97,0.0250374,0.199371
7.98,0.0270311,0.194359
7.99,0.0289747,0.188682
8,0.0308615,0.182357
8.01,0.0326851,0.175403
8.02,0.0344391,0.167841
8.03,0.0361175,0.159695
8.04,0.0377145,0.150989
8.05,0.0392244,0.141751
8.06,0.0406419,0.13201
8.07,0.041962,0.121796
8.08,0.0431799,0.111142
8.09,0.0442913,0.100082
8.1,0.0452922,0.0886512
8.11,0.0461787,0.0768872
8.12,0.0469475,0.0648276
8.13,0.0475958,0.0525118
8.14,0.0481209,0.0399798
8.15,0.0485207,0.0272729
8.16,0.0487935,0.0144326
8.17,0.0489378,0.00150147
8.18,0.0489528,-0.0114778
8.19,0.048838,-0.0244621
8.2,0.0485934,-0.0374081
8.21,0.0482193,-0.0502725
8.22,0.0477166,-0.0630123
8.23,0.0470865,-0.0755845
8.24,0.0463306,-0.0879467
8.25,0.0454512,-0.100057
8.26,0.0444506,-0.111874
8.27,0.0433318,-0.123357
8.28,0.0420983,-0.134468
8.29,0.0407536,-0.145167
8.3,0.0393019,-0.155419
8.31,0.0377477,-0.165186
8.32,0.0360959,-0.174435
8.33,0.0343515,-0.183134
8.34,0.0325202,-0.191251
8.35,0.0306077,-0.198758
8.36,0.0286201,-0.205627
8.37,0.0265638,-0.211834
8.38,0.0244455,-0.217355
8.39,0.0222719,-0.22217
8.4,0.0200502,-0.226261
8.41,0.0177876,-0.229611
8.42,0.0154915,-0.232207
8.43,0.0131695,-0.234037
8.44,0.0108291,-0.235094
8.45,0.00847814,-0.23537
8.46,0.00612444,-0.234863
8.47,0.00377582,-0.233571
8.48,0.00144011,-0.231496
8.49,-0.000874856,-0.228643
8.5,-0.00316129,-0.225018
8.51,-0.00541147,-0.220631
8.52,-0.00761777,-0.215494
8.53,-0.00977271,-0.209621
8.54,-0.0118689,-0.20303
8.55,-0.0138992,-0.195741
8.56,-0.0158566,-0.187774
8.57,-0.0177344,-0.179155
8.58,-0.0195259,-0.16991
8.59,-0.021225,-0.160069
8.6,-0.0228257,-0.14966
8.61,-0.0243223,-0.138718
8.62,-0.0257095,-0.127278
8.63,-0.0269823,-0.115374
8.64,-0.028136,-0.103047
8.65,-0.0291665,-0.0903349
8.66,-0.0300698,-0.0772794
8.67,-0.0308426,-0.0639228
8.68,-0.0314819,-0.0503086
8.69,-0.0319849,-0.0364813
8.7,-0.0323498,-0.0224863
8.71,-0.0325746,-0.00836974
8.72,-0.0326583,0.0058218
8.73,-0.0326001,0.0200412
8.74,-0.0323997,0.0342413
8.75,-0.0320573,0.0483745
8.76,-0.0315735,0.0623936
8.77,-0.0309496,0.0762514
8.78,-0.0301871,0.0899013
8.79,-0.0292881,0.103297
8.8,-0.0282551,0.116393
8.81,-0.0270912,0.129145
8.82,-0.0257997,0.141508
8.83,-0.0243846,0.153442
8.84,-0.0228502,0.164903
8.85,-0.0212012,0.175853
8.86,-0.0194427,0.186254
8.87,-0.0175801,0.196068
8.88,-0.0156194,0.205261
8.89,-0.0135668,0.213801
8.9,-0.0114288,0.221657
8.91,-0.00921225,0.2288
8.92,-0.00692425,0.235204
8.93,-0.00457221,0.240845
8.94,-0.00216376,0.245703
8.95,0.000293265,0.249757
8.96,0.00279084,0.252993
8.97,0.00532076,0.255396
8.98,0.00787472,0.256956
8.99,0.0104443,0.257664
9,0.0130209,0.257516
9.01,0.0155961,0.256509
9.02,0.0181612,0.254644
9.03,0.0207076,0.251923
9.04,0.0232268,0.248354
9.05,0.0257104,0.243945
9.06,0.0281498,0.238708
9.07,0.0305369,0.232658
9.08,0.0328635,0.225813
9.09,0.0351216,0.218191
9.1,0.0373035,0.209818
9.11,0.0394017,0.200716
9.12,0.0414089,0.190916
9.13,0.043318,0.180446
9.14,0.0451225,0.16934
9.15,0.0468159,0.157633
9.16,0.0483922,0.145361
9.17,0.0498458,0.132563
9.18,0.0511715,0.119281
9.19,0.0523643,0.105558
9.2,0.0534198,0.0914362
9.21,0.0543342,0.0769629
9.22,0.0551038,0.0621848
9.23,0.0557257,0.0471502
9.24,0.0561972,0.0319083
9.25,0.0565163,0.0165093
9.26,0.0566814,0.00100384
9.27,0.0566914,-0.0145566
9.28,0.0565458,-0.0301204
9.29,0.0562446,-0.0456357
9.3,0.0557883,-0.0610506
9.31,0.0551778,-0.0763133
9.32,0.0544146,-0.0913726
9.33,0.0535009,-0.106177
9.34,0.0524391,-0.120678
9.35,0.0512324,-0.134824
9.36,0.0498841,-0.148568
9.37,0.0483984,-0.161863
9.38,0.0467798,-0.174662
9.39,0.0450332,-0.186922
9.4,0.043164,-0.1986
9.41,0.041178,-0.209655
9.42,0.0390814,-0.220047
9.43,0.0368809,-0.229741
9.44,0.0345835,-0.238702
9.45,0.0321965,-0.246896
9.46,0.0297275,-0.254295
9.47,0.0271846,-0.260871
9.48,0.0245759,-0.266599
9.49,0.0219099,-0.271458
9.5,0.0191953,-0.275427
9.51,0.016441,-0.278493
9.52,0.0136561,-0.28064
9.53,0.0108497,-0.281858
9.54,0.00803114,-0.282142
9.55,0.00520973,-0.281485
9.56,0.00239487,-0.279889
9.57,-0.000404011,-0.277353
9.58,-0.00317755,-0.273885
9.59,-0.0059164,-0.269493
9.6,-0.00861133,-0.264188
9.61,-0.0112532,-0.257984
9.62,-0.013833,-0.250899
9.63,-0.016342,-0.242955
9.64,-0.0187716,-0.234174
9.65,-0.0211133,-0.224584
9.66,-0.0233592,-0.214213
9.67,-0.0255013,-0.203093
9.68,-0.0275322,-0.191259
9.69,-0.0294448,-0.178748
9.7,-0.0312323,-0.1656
9.71,-0.0328883,-0.151856
9.72,-0.0344069,-0.13756
9.73,-0.0357825,-0.122758
9.74,-0.03701,-0.107497
9.75,-0.038085,-0.0918268
9.76,-0.0390033,-0.0757985
9.77,-0.0397613,-0.0594641
9.78,-0.0403559,-0.042877
9.79,-0.0407847,-0.0260917
9.8,-0.0410456,-0.00916347
9.81,-0.0411372,0.00785172
9.82,-0.0410587,0.0248975
9.83,-0.0408097,0.041917
9.84,-0.0403906,0.0588536
9.85,-0.039802,0.0756505
9.86,-0.0390455,0.0922511
9.87,-0.038123,0.1086
9.88,-0.037037,0.124641
9.89,-0.0357906,0.14032
9.9,-0.0343874,0.155583
9.91,-0.0328316,0.170379
9.92,-0.0311278,0.184656
9.93,-0.0292812,0.198365
9.94,-0.0272976,0.211459
9.95,-0.025183,0.223892
9.96,-0.0229441,0.235619
9.97,-0.0205879,0.246601
9.98,-0.0181219,0.256797
9.99,-0.0155539,0.266171
10,-0.0128922,0.274689
10.01,-0.0101453,0.282319
10.02,-0.00732211,0.289034
10.03,-0.00443176,0.294808
10.04,-0.00148368,0.299619
10.05,0.00151251,0.303447
10.06,0.00454698,0.306276
10.07,0.00760974,0.308094
10.08,0.0106907,0.308891
10.09,0.0137796,0.30866
10.1,0.0168662,0.3074
10.11,0.0199402,0.305112
10.12,0.0229913,0.301798
10.13,0.0260093,0.297468
10.14,0.028984,0.292131
10.15,0.0319053,0.285803
10.16,0.0347633,0.278502
10.17,0.0375483,0.270247
10.18,0.0402508,0.261064
10.19,0.0428615,0.250981
10.2,0.0453713,0.240027
10.21,0.0477715,0.228237
10.22,0.0500539,0.215646
10.23,0.0522104,0.202295
10.24,0.0542333,0.188225
10.25,0.0561156,0.17348
10.26,0.0578504,0.158108
10.27,0.0594314,0.142158
10.28,0.060853,0.125681
10.29,0.0621098,0.10873
10.3,0.0631971,0.0913602
10.31,0.0641107,0.0736278
10.32,0.064847,0.0555909
10.33,0.0654029,0.0373086
10.34,0.065776,0.0188409
10.35,0.0659644,0.000248913
10.36,0.0659669,-0.0184059
10.37,0.0657829,-0.0370615
10.38,0.0654122,-0.0556558
10.39,0.0648557,-0.0741266
10.4,0.0641144,-0.0924118
10.41,0.0631903,-0.11045
10.42,0.0620858,-0.12818
10.43,0.060804,-0.145542
10.44,0.0593486,-0.162477
10.45,0.0577238,-0.178926
10.46,0.0559345,-0.194834
10.47,0.0539862,-0.210146
10.48,0.0518848,-0.224808
10.49,0.0496367,-0.238769
10.5,0.047249,-0.251981
10.51,0.0447292,-0.264398
10.52,0.0420852,-0.275974
10.53,0.0393254,-0.286669
10.54,0.0364588,-0.296444
10.55,0.0334943,-0.305264
10.56,0.0304417,-0.313095
10.57,0.0273107,-0.319909
10.58,0.0241116,-0.32568
10.59,0.0208548,-0.330383
10.6,0.017551,-0.334002
10.61,0.014211,-0.336519
10.62,0.0108458,-0.337922
10.63,0.00746657,-0.338204
10.64,0.00408452,-0.33736
10.65,0.000710925,-0.335388
10.66,-0.00264296,-0.332292
10.67,-0.00596587,-0.328077
10.68,-0.00924664,-0.322755
10.69,-0.0124742,-0.31634
10.7,-0.0156376,-0.308848
10.71,-0.0187261,-0.300303
10.72,-0.0217291,-0.290727
10.73,-0.0246364,-0.280151
10.74,-0.0274379,-0.268605
10.75,-0.0301239,-0.256126
10.76,-0.0326852,-0.242751
10.77,-0.0351127,-0.228523
10.78,-0.0373979,-0.213485
10.79,-0.0395328,-0.197686
10.8,-0.0415097,-0.181175
10.81,-0.0433214,-0.164005
10.82,-0.0449615,-0.146232
10.83,-0.0464238,-0.127911
10.84,-0.0477029,-0.109103
10.85,-0.0487939,-0.0898688
10.86,-0.0496926,-0.0702708
10.87,-0.0503953,-0.0503733
10.88,-0.0508991,-0.0302415
10.89,-0.0512015,-0.00994183
10.9,-0.0513009,0.0104587
10.91,-0.0511963,0.0308923
10.92,-0.0508874,0.0512911
10.93,-0.0503745,0.0715868
10.94,-0.0496586,0.0917117
10.95,-0.0487415,0.111598
10.96,-0.0476255,0.131178
10.97,-0.0463137,0.150387
10.98,-0.0448098,0.169158
10.99,-0.0431183,0.187428
11,-0.041244,0.205134
11.01,-0.0391926,0.222215
11.02,-0.0369705,0.238613
11.03,-0.0345844,0.25427
11.04,-0.0320417,0.269131
11.05,-0.0293503,0.283145
11.06,-0.0265189,0.296262
11.07,-0.0235563,0.308435
11.08,-0.0204719,0.31962
11.09,-0.0172757,0.329778
11.1,-0.0139779,0.33887
11.11,-0.0105893,0.346862
11.12,-0.00712063,0.353725
11.13,-0.00358338,0.359432
11.14,1.09452e-05,0.36396
11.15,0.00365054,0.36729
11.16,0.00732344,0.369406
11.17,0.0110175,0.370298
11.18,0.0147205,0.369959
11.19,0.0184201,0.368386
11.2,0.0221039,0.365579
11.21,0.0257597,0.361544
11.22,0.0293752,0.356291
11.23,0.0329381,0.349833
11.24,0.0364364,0.342187
11.25,0.0398583,0.333375
11.26,0.043192,0.323422
11.27,0.0464262,0.312358
11.28,0.0495498,0.300216
11.29,0.052552,0.287032
11.3,0.0554223,0.272848
11.31,0.0581508,0.257708
11.32,0.0607279,0.241657
11.33,0.0631444,0.224748
11.34,0.0653919,0.207033
11.35,0.0674622,0.188569
11.36,0.0693479,0.169415
11.37,0.0710421,0.149633
11.38,0.0725384,0.129285
11.39,0.0738313,0.108439
11.4,0.0749157,0.087162
11.41,0.0757873,0.0655235
11.42,0.0764425,0.0435944
11.43,0.0768785,0.0214469
11.44,0.0770929,-0.000845945
11.45,0.0770845,-0.0232103
11.46,0.0768524,-0.0455717
11.47,0.0763966,-0.0678559
11.48,0.0757181,-0.0899881
11.49,0.0748182,-0.111894
11.5,0.0736993,-0.1335
11.51,0.0723643,-0.154733
11.52,0.0708169,-0.175521
11.53,0.0690617,-0.195794
11.54,0.0671038,-0.215481
11.55,0.064949,-0.234516
11.56,0.0626038,-0.252832
11.57,0.0600755,-0.270366
11.58,0.0573718,-0.287058
11.59,0.0545013,-0.302849
11.6,0.0514728,-0.317683
11.61,0.0482959,-0.331507
11.62,0.0449809,-0.344272
11.63,0.0415381,-0.355932
11.64,0.0379788,-0.366445
11.65,0.0343144,-0.375771
11.66,0.0305567,-0.383876
11.67,0.0267179,-0.390728
11.68,0.0228106,-0.396301
11.69,0.0188476,-0.400571
11.7,0.0148419,-0.403521
11.71,0.0108067,-0.405134
11.72,0.00675533,-0.405403
11.73,0.0027013,-0.404322
11.74,-0.00134192,-0.401889
11.75,-0.00536081,-0.398108
11.76,-0.00934189,-0.392988
11.77,-0.0132718,-0.386541
11.78,-0.0171372,-0.378783
11.79,-0.020925,-0.369738
11.8,-0.0246224,-0.359429
11.81,-0.0282167,-0.347889
11.82,-0.0316956,-0.33515
11.83,-0.0350471,-0.321251
11.84,-0.0382596,-0.306235
11.85,-0.0413219,-0.290149
11.86,-0.0442234,-0.273042
11.87,-0.0469538,-0.254967
11.88,-0.0495035,-0.235983
11.89,-0.0518633,-0.216148
11.9,-0.0540248,-0.195527
11.91,-0.0559801,-0.174185
11.92,-0.0577219,-0.152192
11.93,-0.0592439,-0.129618
11.94,-0.06054,-0.106537
11.95,-0.0616054,-0.0830234
11.96,-0.0624356,-0.0591549
11.97,-0.0630272,-0.0350097
11.98,-0.0633773,-0.0106673
11.99,-0.063484,0.0137918
12,-0.063346,0.0382865
12.01,-0.0629632,0.0627351
12.02,-0.0623358,0.0870562
12.03,-0.0614653,0.111168
12.04,-0.0603536,0.13499
12.05,-0.0590037,0.158441
12.06,-0.0574193,0.181442
12.07,-0.0556048,0.203915
12.08,-0.0535657,0.225784
12.09,-0.0513079,0.246972
12.1,-0.0488381,0.267408
12.11,-0.0461641,0.287021
12.12,-0.0432938,0.305742
12.13,-0.0402364,0.323507
12.14,-0.0370014,0.340252
12.15,-0.0335988,0.355919
12.16,-0.0300396,0.370452
12.17,-0.0263351,0.383799
12.18,-0.0224971,0.395911
12.19,-0.018538,0.406743
12.2,-0.0144706,0.416256
12.21,-0.010308,0.424413
12.22,-0.0060639,0.431182
12.23,-0.00175208,0.436537
12.24,0.00261328,0.440454
12.25,0.00701782,0.442916
12.26,0.011447,0.44391
12.27,0.0158861,0.443428
12.28,0.0203204,0.441466
12.29,0.024735,0.438026
12.3,0.0291153,0.433114
12.31,0.0334464,0.426742
12.32,0.0377138,0.418927
12.33,0.0419031,0.409689
12.34,0.046,0.399055
12.35,0.0499905,0.387055
12.36,0.0538611,0.373724
12.37,0.0575983,0.359104
12.38,0.0611894,0.343238
12.39,0.0646218,0.326175
12.4,0.0678835,0.307967
12.41,0.0709632,0.288673
12.42,0.0738499,0.268352
12.43,0.0765334,0.247069
12.44,0.0790041,0.224891
12.45,0.081253,0.201889
12.46,0.0832719,0.178138
12.47,0.0850533,0.153714
12.48,0.0865904,0.128697
12.49,0.0878774,0.103167
12.5,0.0889091,0.0772074
12.51,0.0896811,0.0509044
12.52,0.0901902,0.024344
12.53,0.0904336,-0.00238607
12.54,0.0904098,-0.0291973
12.55,0.0901178,-0.0560005
12.56,0.0895578,-0.0827065
12.57,0.0887307,-0.109226
12.58,0.0876385,-0.135469
12.59,0.0862838,-0.161349
12.6,0.0846703,-0.186777
12.61,0.0828025,-0.211667
12.62,0.0806859,-0.235934
12.63,0.0783265,-0.259496
12.64,0.0757315,-0.282272
12.65,0.0729088,-0.304182
12.66,0.069867,-0.325152
12.67,0.0666155,-0.345108
12.68,0.0631644,-0.363979
12.69,0.0595246,-0.381701
12.7,0.0557076,-0.398209
12.71,0.0517255,-0.413445
12.72,0.0475911,-0.427353
12.73,0.0433175,-0.439884
12.74,0.0389187,-0.45099
12.75,0.0344088,-0.460629
12.76,0.0298025,-0.468765
12.77,0.0251149,-0.475366
12.78,0.0203612,-0.480405
12.79,0.0155571,-0.483858
12.8,0.0107186,-0.485711
12.81,0.00586145,-0.48595
12.82,0.00100195,-0.484571
12.83,-0.00384376,-0.481571
12.84,-0.00865947,-0.476957
12.85,-0.013429,-0.470737
12.86,-0.0181364,-0.462927
12.87,-0.0227657,-0.453548
12.88,-0.0273012,-0.442627
12.89,-0.0317274,-0.430193
12.9,-0.0360294,-0.416284
12.91,-0.0401922,-0.400941
12.92,-0.0442016,-0.38421
12.93,-0.0480437,-0.366143
12.94,-0.0517051,-0.346795
12.95,-0.0551731,-0.326226
12.96,-0.0584353,-0.304502
12.97,-0.0614804,-0.28169
12.98,-0.0642973,-0.257863
12.99,-0.0668759,-0.233098
13,-0.0692069,-0.207472
13.01,-0.0712816,-0.18107
13.02,-0.0730923,-0.153976
13.03,-0.0746321,-0.126279
13.04,-0.0758949,-0.0980681
13.05,-0.0768755,-0.0694365
13.06,-0.0775699,-0.040478
13.07,-0.0779747,-0.011288
13.08,-0.0780876,0.0180369
13.09,-0.0779072,0.0473994
13.1,-0.0774332,0.0767018
13.11,-0.0766662,0.105846
13.12,-0.0756077,0.134735
13.13,-0.0742604,0.163271
13.14,-0.0726277,0.191358
13.15,-0.0707141,0.2189
13.16,-0.0685251,0.245805
13.17,-0.066067,0.27198
13.18,-0.0633472,0.297336
13.19,-0.0603739,0.321785
13.2,-0.057156,0.345243
13.21,-0.0537036,0.367628
13.22,-0.0500273,0.388862
13.23,-0.0461387,0.408872
13.24,-0.04205,0.427584
13.25,-0.0377741,0.444934
13.26,-0.0333248,0.460859
13.27,-0.0287162,0.475301
13.28,-0.0239632,0.488206
13.29,-0.0190811,0.499527
13.3,-0.0140859,0.509221
13.31,-0.00899366,0.51725
13.32,-0.00382116,0.523581
13.33,0.00141465,0.528188
13.34,0.00669653,0.53105
13.35,0.012007,0.532151
13.36,0.0173285,0.531482
13.37,0.0226433,0.529039
13.38,0.0279337,0.524824
13.39,0.033182,0.518847
13.4,0.0383704,0.511119
13.41,0.0434816,0.501662
13.42,0.0484983,0.490502
13.43,0.0534033,0.477669
13.44,0.05818,0.463201
13.45,0.062812,0.447141
13.46,0.0672834,0.429537
13.47,0.0715788,0.410443
13.48,0.0756832,0.389917
13.49,0.0795824,0.368022
13.5,0.0832626,0.344828
13.51,0.0867109,0.320407
13.52,0.089915,0.294837
13.53,0.0928633,0.268199
13.54,0.0955453,0.240578
13.55,0.0979511,0.212062
13.56,0.100072,0.182745
13.57,0.101899,0.152722
13.58,0.103426,0.122088
13.59,0.104647,0.0909463
13.6,0.105557,0.0593973
13.61,0.106151,0.027545
13.62,0.106426,-0.00450522
13.63,0.106381,-0.0366473
13.64,0.106015,-0.0687743
13.65,0.105327,-0.100779
13.66,0.104319,-0.132555
13.67,0.102994,-0.163995
13.68,0.101354,-0.194992
13.69,0.0994037,-0.225444
13.7,0.0971492,-0.255245
13.71,0.0945968,-0.284295
13.72,0.0917538,-0.312493
13.73,0.0886289,-0.339745
13.74,0.0852315,-0.365954
13.75,0.0815719,-0.391032
13.76,0.0776616,-0.414889
13.77,0.0735127,-0.437443
13.78,0.0691383,-0.458614
13.79,0.0645522,-0.478326
13.8,0.0597689,-0.49651
13.81,0.0548038,-0.5131
13.82,0.0496728,-0.528035
13.83,0.0443924,-0.541259
13.84,0.0389798,-0.552723
13.85,0.0334526,-0.562383
13.86,0.0278288,-0.570201
13.87,0.0221268,-0.576143
13.88,0.0163653,-0.580186
13.89,0.0105635,-0.582307
13.9,0.00474042,-0.582495
13.91,-0.00108454,-0.580742
13.92,-0.00689196,-0.577047
13.93,-0.0126624,-0.571417
13.94,-0.0183766,-0.563862
13.95,-0.0240152,-0.554404
13.96,-0.0295593,-0.543065
13.97,-0.0349899,-0.529879
13.98,-0.0402887,-0.514882
13.99,-0.0454375,-0.498119
14,-0.0504187,-0.47964
14.01,-0.0552151,-0.459501
14.02,-0.0598101,-0.437762
14.03,-0.0641877,-0.414492
14.04,-0.0683327,-0.389763
14.05,-0.0722303,-0.363652
14.06,-0.0758668,-0.336242
14.07,-0.0792292,-0.30762
14.08,-0.0823054,-0.277877
14.09,-0.0850842,-0.247108
14.1,-0.0875553,-0.215413
14.11,-0.0897094,-0.182895
14.12,-0.0915384,-0.149658
14.13,-0.0930349,-0.115812
14.14,-0.0941931,-0.0814673
14.15,-0.0950077,-0.0467363
14.16,-0.0954751,-0.0117337
14.17,-0.0955924,0.0234246
14.18,-0.0953582,0.0586221
14.19,-0.094772,0.0937415
14.2,-0.0938346,0.128665
14.21,-0.0925479,0.163277
14.22,-0.0909151,0.19746
14.23,-0.0889405,0.231098
14.24,-0.0866296,0.264078
14.25,-0.0839888,0.296288
14.26,-0.0810259,0.327618
14.27,-0.0777497,0.35796
14.28,-0.0741701,0.387209
14.29,-0.070298,0.415266
14.3,-0.0661454,0.442032
14.31,-0.061725,0.467414
14.32,-0.0570509,0.491322
14.33,-0.0521377,0.513673
14.34,-0.0470009,0.534385
14.35,-0.0416571,0.553386
14.36,-0.0361232,0.570605
14.37,-0.0304172,0.585979
14.38,-0.0245574,0.599451
14.39,-0.0185629,0.61097
14.4,-0.0124532,0.620491
14.41,-0.00624827,0.627976
14.42,3.14873e-05,0.633392
14.43,0.00636541,0.636715
14.44,0.0127326,0.637926
14.45,0.0191118,0.637015
14.46,0.025482,0.633978
14.47,0.0318218,0.628818
14.48,0.0381099,0.621544
14.49,0.0443254,0.612174
14.5,0.0504471,0.600732
14.51,0.0564544,0.587249
14.52,0.0623269,0.571765
14.53,0.0680446,0.554322
14.54,0.0735878,0.534974
14.55,0.0789375,0.513778
14.56,0.0840753,0.490799
14.57,0.0889833,0.466107
14.58,0.0936444,0.43978
14.59,0.0980422,0.411898
14.6,0.102161,0.382551
14.61,0.105987,0.35183
14.62,0.109505,0.319835
14.63,0.112703,0.286666
14.64,0.11557,0.252432
14.65,0.118094,0.217242
14.66,0.120267,0.181211
14.67,0.122079,0.144455
14.68,0.123523,0.107095
14.69,0.124594,0.0692543
14.7,0.125287,0.0310562
14.71,0.125597,-0.00737278
14.72,0.125524,-0.0459053
14.73,0.125065,-0.0844132
14.74,0.124221,-0.122768
14.75,0.122993,-0.160842
14.76,0.121384,-0.198506
14.77,0.119399,-0.235634
14.78,0.117043,-0.2721
14.79,0.114322,-0.307781
14.8,0.111244,-0.342555
14.81,0.107819,-0.376303
14.82,0.104056,-0.40891
14.83,0.0999665,-0.440262
14.84,0.0955639,-0.47025
14.85,0.0908614,-0.498772
14.86,0.0858737,-0.525726
14.87,0.0806164,-0.551017
14.88,0.0751063,-0.574556
14.89,0.0693607,-0.596258
14.9,0.0633981,-0.616045
14.91,0.0572377,-0.633844
14.92,0.0508992,-0.64959
14.93,0.0444033,-0.663223
14.94,0.0377711,-0.674691
14.95,0.0310242,-0.683948
14.96,0.0241847,-0.690956
14.97,0.0172752,-0.695684
14.98,0.0103183,-0.698109
14.99,0.00333724,-0.698215
15,-0.00364491,-0.695994
15.01,-0.0106049,-0.691446
15.02,-0.0175193,-0.684578
15.03,-0.0243651,-0.675405
15.04,-0.0311191,-0.66395
15.05,-0.0377586,-0.650243
15.06,-0.0442611,-0.634324
15.07,-0.0506043,-0.616237
15.08,-0.0567667,-0.596035
15.09,-0.062727,-0.57378
15.1,-0.0684648,-0.549537
15.11,-0.0739602,-0.523382
15.12,-0.079194,-0.495396
15.13,-0.084148,-0.465664
15.14,-0.0888046,-0.434282
15.15,-0.0931474,-0.401347
15.16,-0.0971609,-0.366964
15.17,-0.100831,-0.331244
15.18,-0.104143,-0.2943
15.19,-0.107086,-0.256253
15.2,-0.109649,-0.217224
15.21,-0.111821,-0.177341
15.22,-0.113594,-0.136734
15.23,-0.114962,-0.0955363
15.24,-0.115917,-0.0538825
15.25,-0.116456,-0.0119102
15.26,-0.116575,0.0302417
15.27,-0.116272,0.0724333
15.28,-0.115548,0.114524
15.29,-0.114403,0.156373
15.3,-0.112839,0.197841
15.31,-0.110861,0.238787
15.32,-0.108473,0.279074
15.33,-0.105682,0.318565
15.34,-0.102496,0.357126
15.35,-0.0989251,0.394625
15.36,-0.0949789,0.430933
15.37,-0.0906696,0.465926
15.38,-0.0860103,0.499483
15.39,-0.0810155,0.531486
15.4,-0.0757006,0.561824
15.41,-0.0700824,0.590391
15.42,-0.0641785,0.617085
15.43,-0.0580076,0.641812
15.44,-0.0515895,0.664481
15.45,-0.0449447,0.685011
15.46,-0.0380946,0.703326
15.47,-0.0310613,0.719357
15.48,-0.0238677,0.733044
15.49,-0.0165373,0.744333
15.5,-0.00909397,0.753179
15.51,-0.00156218,0.759544
15.52,0.00603326,0.763398
15.53,0.0136672,0.76472
15.54,0.0213144,0.763498
15.55,0.0289494,0.759726
15.56,0.0365467,0.75341
15.57,0.0440808,0.744561
15.58,0.0515264,0.733201
15.59,0.0588584,0.719358
15.6,0.066052,0.703072
15.61,0.0730827,0.684388
15.62,0.0799266,0.663361
15.63,0.0865602,0.640052
15.64,0.0929607,0.614532
15.65,0.099106,0.586878
15.66,0.104975,0.557176
15.67,0.110547,0.525518
15.68,0.115802,0.492002
15.69,0.120722,0.456735
15.7,0.125289,0.419828
15.71,0.129487,0.381398
15.72,0.133301,0.341569
15.73,0.136717,0.300469
15.74,0.139722,0.25823
15.75,0.142304,0.214989
15.76,0.144454,0.170888
15.77,0.146163,0.12607
15.78,0.147424,0.0806821
15.79,0.14823,0.0348742
15.8,0.148579,-0.0112026
15.81,0.148467,-0.0573956
15.82,0.147893,-0.103551
15.83,0.146858,-0.149516
15.84,0.145362,-0.195135
15.85,0.143411,-0.240256
15.86,0.141009,-0.284726
15.87,0.138161,-0.328396
15.88,0.134877,-0.371116
15.89,0.131166,-0.412742
15.9,0.127039,-0.45313
15.91,0.122507,-0.492143
15.92,0.117586,-0.529646
15.93,0.11229,-0.565508
15.94,0.106634,-0.599604
15.95,0.100638,-0.631816
15.96,0.0943203,-0.662029
15.97,0.0877,-0.690135
15.98,0.0807986,-0.716035
15.99,0.0736383,-0.739635
16,0.0662419,-0.760848
16.01,0.0586334,-0.779595
16.02,0.0508375,-0.795806
16.03,0.0428794,-0.809419
16.04,0.0347852,-0.820378
16.05,0.0265815,-0.82864
16.06,0.0182951,-0.834167
16.07,0.00995339,-0.836932
16.08,0.00158406,-0.836917
16.09,-0.00678511,-0.834112
16.1,-0.0151262,-0.828517
16.11,-0.0234114,-0.820141
16.12,-0.0316128,-0.809004
16.13,-0.0397028,-0.795133
16.14,-0.0476542,-0.778565
16.15,-0.0554398,-0.759347
16.16,-0.0630333,-0.737534
16.17,-0.0704086,-0.71319
16.18,-0.0775405,-0.686387
16.19,-0.0844044,-0.657207
16.2,-0.0909765,-0.625738
16.21,-0.0972339,-0.59208
16.22,-0.103155,-0.556335
16.23,-0.108718,-0.518617
16.24,-0.113904,-0.479044
16.25,-0.118695,-0.437743
16.26,-0.123072,-0.394845
16.27,-0.12702,-0.350487
16.28,-0.130525,-0.304814
16.29,-0.133573,-0.257972
16.3,-0.136153,-0.210114
16.31,-0.138254,-0.161396
16.32,-0.139868,-0.111978
16.33,-0.140988,-0.0620221
16.34,-0.141608,-0.0116928
16.35,-0.141725,0.0388433
16.36,-0.141337,0.0894184
16.37,-0.140443,0.139864
16.38,-0.139044,0.190012
16.39,-0.137144,0.239693
16.4,-0.134747,0.288741
16.41,-0.13186,0.33699
16.42,-0.12849,0.384276
16.43,-0.124647,0.43044
16.44,-0.120342,0.475322
16.45,-0.115589,0.518769
16.46,-0.110402,0.560632
16.47,-0.104795,0.600766
16.48,-0.0987876,0.639031
16.49,-0.0923973,0.675294
16.5,-0.0856443,0.709426
16.51,-0.0785501,0.741308
16.52,-0.071137,0.770824
16.53,-0.0634287,0.79787
16.54,-0.05545,0.822346
16.55,-0.0472266,0.844163
16.56,-0.0387849,0.863239
16.57,-0.0301526,0.8795
16.58,-0.0213576,0.892884
16.59,-0.0124287,0.903337
16.6,-0.00339535,0.910813
16.61,0.00571278,0.915278
16.62,0.0148656,0.916707
16.63,0.0240326,0.915086
16.64,0.0331835,0.910408
16.65,0.0422876,0.90268
16.66,0.0513144,0.891918
16.67,0.0602336,0.878146
16.68,0.069015,0.861402
16.69,0.077629,0.84173
16.7,0.0860463,0.819187
16.71,0.0942382,0.793838
16.72,0.102177,0.765759
16.73,0.109834,0.735033
16.74,0.117185,0.701755
16.75,0.124202,0.666027
16.76,0.130862,0.62796
16.77,0.137142,0.587672
16.78,0.143019,0.545292
16.79,0.148472,0.500952
16.8,0.153481,0.454795
16.81,0.158029,0.406968
16.82,0.162099,0.357625
16.83,0.165675,0.306925
16.84,0.168744,0.255034
16.85,0.171295,0.202119
16.86,0.173316,0.148354
16.87,0.174799,0.0939154
16.88,0.175738,0.0389823
16.89,0.176128,-0.0162638
16.9,0.175966,-0.0716399
16.91,0.175249,-0.126962
16.92,0.17398,-0.182045
16.93,0.172159,-0.236705
16.94,0.169792,-0.290758
16.95,0.166885,-0.344022
16.96,0.163444,-0.396317
16.97,0.159481,-0.447465
16.98,0.155006,-0.497292
16.99,0.150034,-0.545627
17,0.144577,-0.592305
17.01,0.138654,-0.637164
17.02,0.132283,-0.680049
17.03,0.125482,-0.72081
17.04,0.118274,-0.759304
17.05,0.110681,-0.795395
17.06,0.102727,-0.828956
17.07,0.0944375,-0.859865
17.08,0.0858388,-0.88801
17.09,0.0769587,-0.91329
17.1,0.0678258,-0.93561
17.11,0.0584697,-0.954885
17.12,0.0489209,-0.971041
17.13,0.0392105,-0.984015
17.14,0.0293703,-0.993752
17.15,0.0194328,-1.00021
17.16,0.00943071,-1.00335
17.17,-0.000602818,-1.00316
17.18,-0.0106344,-0.999629
17.19,-0.0206307,-0.992751
17.2,-0.0305582,-0.98254
17.21,-0.0403836,-0.969021
17.22,-0.0500739,-0.952227
17.23,-0.0595961,-0.932202
17.24,-0.0689181,-0.909003
17.25,-0.0780082,-0.882697
17.26,-0.0868351,-0.853361
17.27,-0.0953688,-0.821083
17.28,-0.10358,-0.78596
17.29,-0.111439,-0.7481
17.3,-0.11892,-0.70762
17.31,-0.125996,-0.664647
17.32,-0.132643,-0.619315
17.33,-0.138836,-0.571767
17.34,-0.144554,-0.522155
17.35,-0.149775,-0.470637
17.36,-0.154482,-0.417379
17.37,-0.158655,-0.362552
17.38,-0.162281,-0.306333
17.39,-0.165344,-0.248906
17.4,-0.167833,-0.190458
17.41,-0.169738,-0.13118
17.42,-0.17105,-0.0712677
17.43,-0.171762,-0.0109178
17.44,-0.171872,0.0496697
17.45,-0.171375,0.110294
17.46,-0.170272,0.170752
17.47,-0.168564,0.230842
17.48,-0.166256,0.290364
17.49,-0.163352,0.349116
17.5,-0.159861,0.4069
17.51,-0.155792,0.46352
17.52,-0.151157,0.518784
17.53,-0.145969,0.572503
17.54,-0.140244,0.624493
17.55,-0.133999,0.674574
17.56,-0.127253,0.722574
17.57,-0.120028,0.768325
17.58,-0.112344,0.811668
17.59,-0.104228,0.852449
17.6,-0.0957032,0.890525
17.61,-0.086798,0.92576
17.62,-0.0775404,0.958026
17.63,-0.0679601,0.987206
17.64,-0.0580881,1.01319
17.65,-0.0479561,1.03589
17.66,-0.0375973,1.05521
17.67,-0.0270452,1.07107
17.68,-0.0163345,1.08342
17.69,-0.00550024,1.0922
17.7,0.00542175,1.09737
17.71,0.0163954,1.09889
17.72,0.0273843,1.09676
17.73,0.0383519,1.09097
17.74,0.0492616,1.08152
17.75,0.0600767,1.06843
17.76,0.070761,1.05174
17.77,0.0812784,1.03148
17.78,0.0915932,1.00772
17.79,0.10167,0.980525
17.8,0.111476,0.949968
17.81,0.120975,0.916143
17.82,0.130137,0.879151
17.83,0.138928,0.839105
17.84,0.147319,0.796129
17.85,0.155281,0.750356
17.86,0.162784,0.701929
17.87,0.169803,0.651001
17.88,0.176314,0.597733
17.89,0.182291,0.542296
17.9,0.187714,0.484865
17.91,0.192562,0.425627
17.92,0.196819,0.364773
17.93,0.200466,0.3025
17.94,0.203491,0.239011
17.95,0.205882,0.174514
17.96,0.207627,0.10922
17.97,0.208719,0.0433449
17.98,0.209152,-0.0228948
17.99,0.208923,-0.0892789
18,0.208031,-0.155587
18.01,0.206475,-0.221597
18.02,0.204259,-0.287088
18.03,0.201388,-0.351841
18.04,0.197869,-0.415637
18.05,0.193713,-0.478261
18.06,0.188931,-0.539498
18.07,0.183536,-0.599142
18.08,0.177544,-0.656987
18.09,0.170974,-0.712835
18.1,0.163846,-0.766493
18.11,0.156181,-0.817775
18.12,0.148003,-0.866502
18.13,0.139338,-0.912503
18.14,0.130213,-0.955616
18.15,0.120657,-0.995687
18.16,0.1107,-1.03257
18.17,0.100374,-1.06614
18.18,0.089713,-1.09626
18.19,0.0787504,-1.12284
18.2,0.067522,-1.14575
18.21,0.0560645,-1.16493
18.22,0.0444152,-1.18028
18.23,0.0326124,-1.19175
18.24,0.0206949,-1.19929
18.25,0.00870202,-1.20285
18.26,-0.00332653,-1.20242
18.27,-0.0153508,-1.19798
18.28,-0.0273306,-1.18953
18.29,-0.0392259,-1.17709
18.3,-0.0509967,-1.16068
18.31,-0.0626035,-1.14035
18.32,-0.0740069,-1.11614
18.33,-0.0851684,-1.08814
18.34,-0.0960498,-1.05642
18.35,-0.106614,-1.02107
18.36,-0.116825,-0.982198
18.37,-0.126647,-0.939923
18.38,-0.136046,-0.894374
18.39,-0.14499,-0.845692
18.4,-0.153447,-0.794029
18.41,-0.161387,-0.739547
18.42,-0.168782,-0.682418
18.43,-0.175606,-0.622824
18.44,-0.181835,-0.560955
18.45,-0.187444,-0.49701
18.46,-0.192414,-0.431195
18.47,-0.196726,-0.363724
18.48,-0.200364,-0.294815
18.49,-0.203312,-0.224694
18.5,-0.205559,-0.15359
18.51,-0.207095,-0.0817369
18.52,-0.207912,-0.00937209
18.53,-0.208006,0.0632652
18.54,-0.207373,0.135934
18.55,-0.206014,0.208391
18.56,-0.20393,0.280396
18.57,-0.201126,0.351706
18.58,-0.197609,0.422081
18.59,-0.193388,0.491284
18.6,-0.188475,0.55908
18.61,-0.182884,0.625238
18.62,-0.176632,0.689533
18.63,-0.169737,0.751744
18.64,-0.162219,0.811656
18.65,-0.154103,0.869062
18.66,-0.145412,0.923763
18.67,-0.136174,0.975567
18.68,-0.126419,1.02429
18.69,-0.116176,1.06976
18.7,-0.105478,1.11182
18.71,-0.0943598,1.15032
18.72,-0.0828567,1.1851
18.73,-0.0710056,1.21605
18.74,-0.0588451,1.24306
18.75,-0.0464145,1.26601
18.76,-0.0337545,1.28481
18.77,-0.0209064,1.29939
18.78,-0.00791243,1.3097
18.79,0.00518454,1.31567
18.8,0.0183412,1.31727
18.81,0.0315139,1.31449
18.82,0.0446589,1.30732
18.83,0.0577321,1.29577
18.84,0.0706898,1.27986
18.85,0.0834883,1.25963
18.86,0.0960846,1.23513
18.87,0.108436,1.20644
18.88,0.1205,1.17362
18.89,0.132237,1.13679
18.9,0.143604,1.09605
18.91,0.154565,1.05151
18.92,0.16508,1.00332
18.93,0.175113,0.951629
18.94,0.18463,0.896591
18.95,0.193595,0.838382
18.96,0.201979,0.777183
18.97,0.209751,0.71319
18.98,0.216883,0.646606
18.99,0.223349,0.577645
19,0.229126,0.506529
19.01,0.234191,0.433487
19.02,0.238526,0.358757
19.03,0.242113,0.282582
19.04,0.244939,0.205211
19.05,0.246991,0.126898
19.06,0.24826,0.0479005
19.07,0.248739,-0.0315196
19.08,0.248424,-0.111099
19.09,0.247313,-0.190574
19.1,0.245407,-0.269678
19.11,0.24271,-0.348147
19.12,0.239229,-0.425717
19.13,0.234972,-0.502127
19.14,0.229951,-0.577118
19.15,0.224179,-0.650435
19.16,0.217675,-0.721828
19.17,0.210457,-0.791053
19.18,0.202546,-0.857872
19.19,0.193967,-0.922054
19.2,0.184747,-0.983376
19.21,0.174913,-1.04163
19.22,0.164497,-1.0966
19.23,0.153531,-1.1481
19.24,0.14205,-1.19594
19.25,0.130091,-1.23996
19.26,0.117691,-1.27999
19.27,0.104891,-1.31588
19.28,0.0917324,-1.34751
19.29,0.0782573,-1.37476
19.3,0.0645097,-1.39751
19.31,0.0505346,-1.41568
19.32,0.0363778,-1.42919
19.33,0.0220859,-1.43798
19.34,0.00770604,-1.44201
19.35,-0.00671408,-1.44125
19.36,-0.0211266,-1.43568
19.37,-0.0354833,-1.4253
19.38,-0.0497363,-1.41014
19.39,-0.0638377,-1.39023
19.4,-0.07774,-1.36562
19.41,-0.0913962,-1.33637
19.42,-0.10476,-1.30257
19.43,-0.117786,-1.26432
19.44,-0.130429,-1.22172
19.45,-0.142646,-1.17491
19.46,-0.154395,-1.12403
19.47,-0.165635,-1.06923
19.48,-0.176328,-1.01069
19.49,-0.186434,-0.948577
19.5,-0.19592,-0.883099
19.51,-0.204751,-0.814459
19.52,-0.212896,-0.742875
19.53,-0.220325,-0.668576
19.54,-0.22701,-0.591802
19.55,-0.232928,-0.512798
19.56,-0.238056,-0.431822
19.57,-0.242375,-0.349136
19.58,-0.245866,-0.265012
19.59,-0.248516,-0.179723
19.6,-0.250313,-0.093551
19.61,-0.251249,-0.00677987
19.62,-0.251317,0.0803031
19.63,-0.250514,0.167409
19.64,-0.248839,0.254246
19.65,-0.246297,0.340526
19.66,-0.242892,0.425959
19.67,-0.238632,0.510256
19.68,-0.23353,0.593133
19.69,-0.227598,0.67431
19.7,-0.220855,0.753509
19.71,-0.21332,0.830461
19.72,-0.205015,0.904901
19.73,-0.195966,0.976573
19.74,-0.186201,1.04523
19.75,-0.175748,1.11063
19.76,-0.164642,1.17254
19.77,-0.152917,1.23076
19.78,-0.140609,1.28506
19.79,-0.127758,1.33527
19.8,-0.114406,1.38119
19.81,-0.100594,1.42266
19.82,-0.0863674,1.45952
19.83,-0.0717722,1.49164
19.84,-0.0568558,1.5189
19.85,-0.0416668,1.54119
19.86,-0.0262549,1.55841
19.87,-0.0106708,1.57049
19.88,0.00503408,1.57738
19.89,0.0208079,1.57904
19.9,0.0365983,1.57544
19.91,0.0523526,1.56657
19.92,0.0680183,1.55245
19.93,0.0835429,1.53311
19.94,0.098874,1.5086
19.95,0.11396,1.47897
19.96,0.12875,1.44432
19.97,0.143193,1.40474
19.98,0.15724,1.36034
19.99,0.170844,1.31126
20,0.183956,1.25764
